{
  "project_info": {
    "project_number": "950137623372",
    "firebase_url": "https://cadastro-teste-1cf23-default-rtdb.firebaseio.com",
    "project_id": "cadastro-teste-1cf23",
    "storage_bucket": "cadastro-teste-1cf23.appspot.com"
  },
  "client": [
    {
      "client_info": {
        "mobilesdk_app_id": "1:950137623372:android:51de5d078acd173d2875e9",
        "android_client_info": {
          "package_name": "com.example.atividaderecycler"
        }
      },
      "oauth_client": [
        {
          "client_id": "950137623372-3ct9g2j9bj8l4hrq06b7reok0g1a8vng.apps.googleusercontent.com",
          "client_type": 3
        }
      ],
      "api_key": [
        {
          "current_key": "AIzaSyCEL9Df2i3Vfl2YMspqRkEOEXdk81APvqw"
        }
      ],
      "services": {
        "appinvite_service": {
          "other_platform_oauth_client": [
            {
              "client_id": "950137623372-3ct9g2j9bj8l4hrq06b7reok0g1a8vng.apps.googleusercontent.com",
              "client_type": 3
            }
          ]
        }
      }
    }
  ],
  "configuration_version": "1"
}